verification_number,date_of_birth,name_bn,name_en,father_name_bn,father_name_en,mother_name_bn,mother_name_en,mobile,account_number
19901010123456781,1990-10-10,বাংলা,Test User 001,বাংলা,TEST Father 001,বাংলা,TEST Mother 001,01600000001,01600000001
19920515234567892,1992-05-15,বাংলা,Test User 002,বাংলা,TEST Father 002,বাংলা,TEST Mother 002,01900000002,01900000002
19850320345678903,1985-03-20,বাংলা,Test User 003,বাংলা,TEST Father 003,বাংলা,TEST Mother 003,01700000003,01700000003
19780612456789014,1978-06-12,বাংলা,Test User 004,বাংলা,TEST Father 004,বাংলা,TEST Mother 004,01800000004,01800000004
19951225567890125,1995-12-25,বাংলা,Test User 005,বাংলা,TEST Father 005,বাংলা,TEST Mother 005,01300000005,01300000005
19881105678901236,1988-11-05,বাংলা,Test User 006,বাংলা,TEST Father 006,বাংলা,TEST Mother 006,01600000006,01600000006
19730225789012347,1973-02-25,বাংলা,Test User 007,বাংলা,TEST Father 007,বাংলা,TEST Mother 007,01900000007,01900000007
19660814890123458,1966-08-14,বাংলা,Test User 008,বাংলা,TEST Father 008,বাংলা,TEST Mother 008,01700000008,01700000008
19991231901234569,1999-12-31,বাংলা,Test User 009,বাংলা,TEST Father 009,বাংলা,TEST Mother 009,01800000009,01800000009
19800707112345670,1980-07-07,বাংলা,Test User 010,বাংলা,TEST Father 010,বাংলা,TEST Mother 010,01300000010,01300000010
19750303223456781,1975-03-03,বাংলা,Test User 011,বাংলা,TEST Father 011,বাংলা,TEST Mother 011,01600000011,01600000011
19930918334567892,1993-09-18,বাংলা,Test User 012,বাংলা,TEST Father 012,বাংলা,TEST Mother 012,01900000012,01900000012
19640506445678903,1964-06-05,বাংলা,Test User 013,বাংলা,TEST Father 013,বাংলা,TEST Mother 013,01700000013,01700000013
19971120556789014,1997-11-20,বাংলা,Test User 014,বাংলা,TEST Father 014,বাংলা,TEST Mother 014,01800000014,01800000014
19820417667890125,1982-04-17,বাংলা,Test User 015,বাংলা,TEST Father 015,বাংলা,TEST Mother 015,01300000015,01300000015
19700828778901236,1970-08-28,বাংলা,Test User 016,বাংলা,TEST Father 016,বাংলা,TEST Mother 016,01600000016,01600000016
19890214889012347,1989-02-14,বাংলা,Test User 017,বাংলা,TEST Father 017,বাংলা,TEST Mother 017,01900000017,01900000017
19960630990123458,1996-06-30,বাংলা,Test User 018,বাংলা,TEST Father 018,বাংলা,TEST Mother 018,01700000018,01700000018
19840101101234569,1984-01-01,বাংলা,Test User 019,বাংলা,TEST Father 019,বাংলা,TEST Mother 019,01800000019,01800000019
19910909212345670,1991-09-09,বাংলা,Test User 020,বাংলা,TEST Father 020,বাংলা,TEST Mother 020,01300000020,01300000020
19770415323456781,1977-04-15,বাংলা,Test User 021,বাংলা,TEST Father 021,বাংলা,TEST Mother 021,01600000021,01600000021
19650721434567892,1965-07-21,বাংলা,Test User 022,বাংলা,TEST Father 022,বাংলা,TEST Mother 022,01900000022,01900000022
19980303545678903,1998-03-03,বাংলা,Test User 023,বাংলা,TEST Father 023,বাংলা,TEST Mother 023,01700000023,01700000023
19831210656789014,1983-12-10,বাংলা,Test User 024,বাংলা,TEST Father 024,বাংলা,TEST Mother 024,01800000024,01800000024
19720527767890125,1972-05-27,বাংলা,Test User 025,বাংলা,TEST Father 025,বাংলা,TEST Mother 025,01300000025,01300000025
